{"cameraMode":{"drawMode":0,"name":"Shaded","section":"Shading Mode"},"sceneLighting":false,"audioPlay":false,"sceneViewState":{"m_AlwaysRefresh":false,"showFog":true,"showSkybox":false,"showFlares":true,"showImageEffects":true,"showParticleSystems":true,"showVisualEffectGraphs":true,"m_FxEnabled":true},"in2DMode":false,"pivot":{"x":1.8468128442764283,"y":0.16922885179519654,"z":8.327815055847168},"rotation":{"x":-0.10615848749876023,"y":0.05217307060956955,"z":-0.005596129689365625,"w":-0.993040144443512},"size":0.7701770663261414,"orthographic":false}