{"cameraMode":{"drawMode":0,"name":"Shaded","section":"Shading Mode"},"sceneLighting":false,"audioPlay":false,"sceneViewState":{"m_AlwaysRefresh":false,"showFog":true,"showSkybox":false,"showFlares":true,"showImageEffects":true,"showParticleSystems":true,"showVisualEffectGraphs":true,"m_FxEnabled":true},"in2DMode":false,"pivot":{"x":2.8563308715820314,"y":0.3002679944038391,"z":10.467562675476075},"rotation":{"x":-0.06414194405078888,"y":0.09863164275884628,"z":-0.006387133616954088,"w":-0.9931097626686096},"size":0.7542967796325684,"orthographic":false}