{"cameraMode":{"drawMode":0,"name":"Shaded","section":"Shading Mode"},"sceneLighting":true,"audioPlay":false,"sceneViewState":{"m_AlwaysRefresh":false,"showFog":true,"showSkybox":true,"showFlares":true,"showImageEffects":true,"showParticleSystems":true,"showVisualEffectGraphs":true,"m_FxEnabled":true},"in2DMode":false,"pivot":{"x":2.0787649154663088,"y":0.34422802925109866,"z":6.219442844390869},"rotation":{"x":0.2190023809671402,"y":0.0020663170143961908,"z":-0.0004582489491440356,"w":0.9757261872291565},"size":2.121302366256714,"orthographic":false}