{"cameraMode":{"drawMode":0,"name":"Shaded","section":"Shading Mode"},"sceneLighting":true,"audioPlay":false,"sceneViewState":{"m_AlwaysRefresh":false,"showFog":true,"showSkybox":true,"showFlares":true,"showImageEffects":true,"showParticleSystems":true,"showVisualEffectGraphs":true,"m_FxEnabled":true},"in2DMode":false,"pivot":{"x":-0.11456684023141861,"y":1.154579520225525,"z":2.797581911087036},"rotation":{"x":-0.027300212532281877,"y":-0.020394787192344667,"z":0.0005573977250605822,"w":-0.9994274377822876},"size":1.2658227682113648,"orthographic":false}