{"cameraMode":{"drawMode":0,"name":"Shaded","section":"Shading Mode"},"sceneLighting":false,"audioPlay":false,"sceneViewState":{"m_AlwaysRefresh":false,"showFog":true,"showSkybox":false,"showFlares":true,"showImageEffects":true,"showParticleSystems":true,"showVisualEffectGraphs":true,"m_FxEnabled":true},"in2DMode":false,"pivot":{"x":0.03718606382608414,"y":0.36279094219207766,"z":5.618732929229736},"rotation":{"x":-0.0883897915482521,"y":0.002979329088702798,"z":-0.00028288806788623333,"w":-0.9961580038070679},"size":0.6089248061180115,"orthographic":false}