{"cameraMode":{"drawMode":0,"name":"Shaded","section":"Shading Mode"},"sceneLighting":false,"audioPlay":false,"sceneViewState":{"m_AlwaysRefresh":false,"showFog":true,"showSkybox":false,"showFlares":true,"showImageEffects":true,"showParticleSystems":true,"showVisualEffectGraphs":true,"m_FxEnabled":true},"in2DMode":false,"pivot":{"x":-0.6387944221496582,"y":0.21014335751533509,"z":9.920353889465332},"rotation":{"x":-0.10621792078018189,"y":0.04025302454829216,"z":-0.004321861546486616,"w":-0.9935941696166992},"size":0.6916191577911377,"orthographic":false}