{"cameraMode":{"drawMode":0,"name":"Shaded","section":"Shading Mode"},"sceneLighting":false,"audioPlay":false,"sceneViewState":{"m_AlwaysRefresh":false,"showFog":true,"showSkybox":false,"showFlares":true,"showImageEffects":true,"showParticleSystems":true,"showVisualEffectGraphs":true,"m_FxEnabled":true},"in2DMode":false,"pivot":{"x":-0.6299487948417664,"y":0.25396668910980227,"z":9.188738822937012},"rotation":{"x":-0.10746821761131287,"y":0.07746325433254242,"z":-0.00841735303401947,"w":-0.9912266731262207},"size":0.8768999576568604,"orthographic":false}